{
  "id": "4934835",
  "name": "chat",
  "font_family": "iconfont",
  "css_prefix_text": "icon-",
  "description": "",
  "glyphs": [
    {
      "icon_id": "577362",
      "name": "时钟",
      "font_class": "shizhong",
      "unicode": "e74f",
      "unicode_decimal": 59215
    },
    {
      "icon_id": "6265397",
      "name": "流程-其他投递机会及归属",
      "font_class": "flow-others",
      "unicode": "e65b",
      "unicode_decimal": 58971
    },
    {
      "icon_id": "20009295",
      "name": "sidebar侧边栏",
      "font_class": "sidebarcebianlan",
      "unicode": "e6e4",
      "unicode_decimal": 59108
    },
    {
      "icon_id": "43792045",
      "name": "新会话",
      "font_class": "xinhuihua",
      "unicode": "e7de",
      "unicode_decimal": 59358
    }
  ]
}
